approved;comments;date;group_ids;likes;post;text;views;city;city_id;country;country_id;description;main_section;members_count;name;verified
0;0;1548080237;54013086;8;wall-54013086_3791903; марта в филармония шесть рукопожатий спешит провести розыгрыш приз билет на концерт победителей будет условия розыгрыша быть подписчиком группы сделать репост этой записи розыгрыш состоится января в всем удачи ;1019;Чита;161;Россия;1;всеми любимая группа о нашем городе просьба ознакомиться с правилами сообщества во избежание возникновения неприятных ситуаций ;5;64534;шесть рукопожатий чита ;0
1;0;1548080359;146199548;1;wall-146199548_112; конкурс розыгрыш призов февраля для участия быть подписанным на нашу группу сделать к себе на стену репост записи о конкурсе не удалять репост до момента выбора победителей призы место коронка подрозетник и набор шаблонов место коронка подрозетник и шаблон с я отверстиями место комплект шаблонов победитель будет определен с помощью генератора случайных чисел ;5;Подольск;270;Россия;1;добро пожаловать в официальную группу дилера по продаже оборудования для сухого сверления по технологии даймонд хит здесь вы найдете информацию о новинках полезные советы и отзывы клиентов ;35;329; интернет магазин;0
1;0;1548080545;62257774;16;wall-62257774_18785;внимание пицца за репост не упусти свой шанс выиграть пиццу тропический дуэт см выигрыш действителен в течение часов с момента объявления победителя условия конкурса тебе нужно сделать репост этого поста у себя на странице и вступить в нашу группу если вас еще нет у нас завтра в мы с помощью программы выберем победителя победитель сможет забрать свой приз по адресу новая а в кафе мафия всем удачи ;236;Северодвинск;11;Россия;1;будем рады каждый день удивлять вас самой итальянской пиццей самыми вкусными роллами и самым правильным мясом пн чт с до пт с до сб с до вс с до последние заявки принимаются за мин до закрытия ;35;13343; северодвинск доставка пицца мясо суши;0
0;1;1548080482;9711806;8;wall-9711806_22152;конкурс в честь приближающегося дня студента жизнь студента это не только зачеты экзамены и курсовые но море забавных моментов расскажите нам свою смешную историю о студенческих годах и выиграйте один из х призов подарочную карту серебряного города на руб подарочную карту серебряного города на руб сертификат в цр а условия участия вступите в группу трц серебряный город г иваново сделайте репост этой записи расскажите в комментариях к этой записи вашу веселую историю связанную со студенческой жизнью января мы выберем самые веселые истории и объявим имена победителей удачи конкурс деньстудента;336;Иваново;55;Россия;1; серебряный город торгово развлекательный центр регионального масштаба был открыт для посетителей в году для жителей и гостей города это одно из любимейших мест для шопинга и развлечений для быстрого поиска нужных вам новостей воспользуйтесь нашими рубрикаторами новости мероприятия стиль доброеутро конкурс отподписчика серебряныйпарк ;35;25146;трц серебряный город г иваново;0
0;2;1548080481;154036464;15;wall-154036464_2278;и снова ожидается сказочное вязание пряничные домики связали вяжем сказкадом и теперь самое время сказочных героев и персонажей творить вязать чтобы было весело играть вяжем сказки и сначала немного закулисья из творческой мастерской ольги покажу вам начало и загадаю загадку а за правильный ответ вы получаете приз это скидка на он лайн вязание сказочных героев угадал один момент лови скидку угадал ещ один признак ещ скидка а загадка будет не одна а целая серия так что следите за новостями группы отгадывайте пишите свои ответы и варианты и собирайте скидки на участие в совместнике скидка до на мк записаться можно тут и я вам сообщу о начале он лайна начало вязания ориентировочно после февраля а пока играем и загадка о какого цвета и кто это будет все ответы озвучу января дополнительно скидку получат ещ и те кто сделает репост до начала он лайна всех загадок себе на страницу так что активность приветствуется и награждается вяжем сказки;52;None;None;None;None;творим вместе красоту место встречи творческих людей;5;737;вязаный дружок;0
0;235;1548080449;163211113;11;wall-163211113_167806; поиграем мы в игру будем цифры мы писать и подарки выгравать правила игры просты просто ставим цифры мы зделаем репост игры цифры ставим по порядку чтобы было вс в нас гладко будем цифры ставить через мин тоесть один участник может ставить следующую цифру через мин и сегодня посчитаем мы до цифры приз получит тот участник кто первый в порядке очереди поставит приз сегодня в нас такой сч т пополнем мы твой на гр мы желаем вам удачи ;65;Киев;314;Украина;2; уважаемые участники это группа для тех кто планирует или уже с детьми здесь мы обсуждаем все что интересно и делимся опытом и просто общаемся здесь будут проводиться и конкурсы и игры фото батлы и простое общения и полезная информация мы постараемся учесть ваши пожелания ваши предложения и идеи по улучшению комфорта нашей группы скидывать админам в лс приятного досуга вам девчата самое главное здесь вы можете с нами поделиться вашими радостями и проблемами здесь вас всегда выслушают и помогут советами не боясь осуждения как говориться все мы люди и каждый делает какие то ошибки приводите подруг знакомых к нам в группу будем знакомиться и дружить мы постараемся обеспечить всем хорошее настроение и приятное общение по возможности новые вступившие пусть напишут на стену приветствие и немножко о себе чтобы мы могли их поприветствовать и познакомиться ;2;2600;детские пособия мамы украины;0
0;2;1548080400;117959773;8;wall-117959773_6580; термокружку получит один из наших подписчиков который подпишется на салоны группа компаний мобайл ижевск бесплатно за репост бесплатная россия ижевск сделает репост этой записи победителя будем выбирать февраля а также первым кто оставит комментарий и сделает репост спонсор дарит спиннер ваша страница должна быть открытой на аватаре стоять ваша фотография фамилия и имя профиля соответствовать вашему паспорту в конкурсе могут участвовать жители ижевска и ур которые сами смогут забрать приз ;89;Ижевск;56;Россия;1;по всем вопросам пишите елене хотите разместить ваш розыгрыш хотите помощи в раскрутке вашей услуги или товара вы попали по нужному адресу напишем пост с условием вступить в вашу группу опубликуем определим победителя в качестве бонуса подарим репоста из вашей группы реклама в группе предоставляется платно репост с вашей группы со стены платно благодарим всех за сотрудничество размещение конкурса рублей репост рублей бесплатный ижевск бесплатные подарки подарок смотреть бесплатно день подарок хороший подарок дари подарок бесплатные подарки подарок смотреть бесплатно сентября года;2;10948;бесплатно за репост бесплатная россия ижевск;0
0;2;1548080389;48075532;27;wall-48075532_10439; выиграй билеты на концерт король и шут лет февраля в приз билета выберем с помощью февраля в билеты получит счастливчик сделавший репост и вступивший в группы русское радио воронеж и воронеж медиа программа этого памятного мероприятия носит символическое название камнем по голове а зрителей ждут все нетленные хиты короля и шута с главных альбомов культовой группы в исполнении команды андрея князева при поддержке фонда памяти михаила горшен ва основанного его вдовой ольгой русскоерадиоворонеж ;485;Воронеж;42;Россия;1;русское радио первая в мире радиостанция реализовавшая уникальный принцип вещания только на русском языке любимые песни и горячие новинки отечественной музыки каждый день часа в сутки на частоте в воронеже телефон программы стол заказов телефон службы рекламы русского радио в воронеже русскоерадиоворонеж русскаямузыка столзаказов воронеж всебудетхорошо;2;5946;русское радио воронеж ;0
0;0;1548081751;114125042;13;wall-114125042_6539; ураааа у нас зимний конкурс репостов для наших любимых клиентов приз подарочный сертификат на рублей правила сделать репост этой записи вступить в группу сочный персик результаты объявим февраля г всем удачи ждем вас тц перекресток тц плаза этаж;106;Арзамас;20;Россия;1;эта группа для тех кто хочет выглядеть красиво модно и женственно в любой ситуации в любое время и в любом месте у нас в магазинах вас всегда ждет широкий ассортимент молодежной и женской одежды на любой вкус цвет и размер а так же различные модели нижнего белья купальников корректирующего белья эротических костюмов корсетов домашней одежды и многого многого другого приходите мы находимся в тц перекресток и в тц плаза на этаже ;35;1632; сочный персик арзамас;0
0;0;1548081725;143431238;1;wall-143431238_6529; жители химок активно участвуют во всероссийской акции двор для птиц муниципальное предприятие дез жку проводит конкурс на лучший скворечник в рамках всероссийской экологической акции двор для птиц главной целью является привлечение внимания жителей каждого двора к активности по охране окружающей среды и бережному отношению к живой природе первые конкурсанты уже присылают свои работы управляющей компании одни из первых конкурсантов решили поделиться своими работами жители домов и в ивакино уже на протяжении нескольких лет обустраивают свой двор для проживания птиц жильцы самостоятельно вместе с детьми мастерят разнообразные кормушки в их двор теперь регулярно прилетают подкормиться синицы скворцы снегири воробьи голуби мухоловки и даже сойки в нашем дворе домики и кормушки располагаются почти на каждом дереве жители сами регулярно подкармливают птиц кто то кормом кто то обычными продуктами например хлебом за несколько лет по всей территории наших домов повесили скворечников синичников домик для мухоловки кормушек установленных на земле и отдельный домик для белок кроме того жители вешают небольшие кормушки на своих подоконниках прокомментировал алексей кузин житель дома в ивакино акция двор для птиц проходит в рамках федерального проекта городская среда во всех городах россии она призвана помочь создать необходимые условия для выживания пернатых для жителей химок муниципальная управляющая компания дез жку решила провести специальный конкурс на самую интересную кормушку в городском округе активно ведется благоустройство дворовых территорий только в прошлом году было комплексно обустроено двора мы бы хотели призвать жителей выйти вместе с детьми смастерить либо купить готовые кормушки или скворечники и разместить их во дворах химок таким образом вы не только украсите двор но и поможете птицам пережить грядущие морозы за самые яркие работы участников ждут призы прокомментировал директор мп дез жку руслан гаевский акция двор для птиц проводится до января включительно фотографии готовой работы принимаются любым удобным способом на почту управляющей компании или в личные сообщения в группу официальных аккаунтов социальных сетей вк с пометкой конкурс и указанием фио адреса и материалов из которого изготовлен домик дезжку жкх химки нашеподмосковье жкхменяется городскаясреда двордляптиц;78;Химки;155;Россия;1;официальная страница муниципальной управляющей компании г о химки дирекция единого заказчика жилищно коммунальных услуг убедительная просьба соблюдать в группе правила элементарной вежливости все комментарии содержащие оскорбления будут удаляться пользователь отправится в черный список за оскорбление участников или администрации группы использование ненормативной лексики публикацию коммерческой рекламы ;35;1217;муниципальное предприятие дез жку ;0
0;2;1548081682;174794582;26;wall-174794582_5194;ладно не будем думать о плохом и делаем фаст приз тоти номине условия лайк репост не обязательно подписка резы на лайков удачи ;261;None;None;None;None; добавляемся в беседку общаемся ;5;280; продажа монет игроков конкурсы;0
0;1;1548081679;120361525;6;wall-120361525_201;ребят крч мы устраиваем конкурс приз любой набор стикеров голосов итоги как только наберется подписчиков с вас подписочка и репост ;57;None;None;None;None;привет подпишись здесь тебя жд т ахуенный контент ;1;143;забытое поколение;0
1;0;1548081600;139256260;16;wall-139256260_9631; один из призов на выбор или денежный эквивалент получит случайный подписчик нашей группы сделавший репост этой записи и вступивший в группу одежда и обувь по доступным ценам победителя выберем января года с помощью независимого приложения менеджер конкурсов и опубликуем отдельным постом на стене группы бесплатная доставка по всему миру ;62;None;None;None;None;правила группы отзывы победителей не упусти свой шанс стать победителем подпишись на рассылку нашей группы перейдя по ссылке подписка раздельная также можно подписаться на уведомление о своей победе ;0;11755;конкурсы розыгрыши бесплатно;0
0;6;1548081544;174561075;4;wall-174561075_182;и вот настал этот день пицца браво электросталь электрогорск объявляет результаты двойного конкурса в нашей группе что то в творческой части у нас был один участник вот ее и объявляем победителем светлана лузгина в конкурсе репостов победителей у нас будет человека т к у нас менее участников татьяна успенская ольга волкова таиса зайцева поздравляем всех победителей ваш приз пицца на выбор получение приза самовывозом электросталь электрогорск прием заказов ежедневно с до ч пиццабраво бравопицца электросталь электрогорск;75;None;None;Россия;1;доставка настоящей еды в электростали и электрогорске от шеф повара члена федерации пицца акробатики россии пицца суши и роллы супы горячие блюда салаты гарниры и напитки все самое свежее и вкусное электросталь электрогорск прием заказов ежедневно с до ч ;0;199;пицца браво электросталь электрогорск ;0
1;0;1548081420;129568840;92;wall-129568840_8287;конкурс без репостов приз на выбор или деньги получит случайный подписчик который поставит лайк на этой записи п дпиш тся на группу работа и наше сообщество поб дителя определим февраля при помощи программы рандомайзер р зультаты к нкурса будут опубликованы в комментариях к этой записи ;1077;None;None;None;None;None;0;209660;конкурсы бесплатный;0
1;0;1548081366;149313221;7;wall-149313221_503;хотите выиграть стеклоомыватель для вашего автомобиля это просто примите участие в нашем розыгрыше а правила очень простые будь участником нашей группы сделай репост этой записи к себе на стену и сохрани его до подведения итогов января мы подведем итоги конкурса выбрав победителей среди всех кто выполнил условия с помощью сервиса и вручим ему приз вот такой ;53;None;None;None;None;онлайн каталоги автозапчастей для иномарок низкие цены быстрая доставка и большой ассортимент наши преимущества добро пожаловать в интернет магазин на нашем сайте вы сможете выбрать и заказать интересующую вас автозапчасть удобным для вас способом мы являемся первым интернет магазином запчастей для иномарок территориально находящимся в пскове ;35;1006; автозапчасти в пскове;0
1;0;1548082981;174777266;0;wall-174777266_67;друзья мы очень любим вас радовать поэтому держите новый безумно крутой розыгрыш призов от один из трех сертификатов на все напитки на сумму р р и р получат три наших случайных подписчика в сделавших репост этой записи на свою страницу итоги подведем генератором случайных чисел удачи ;26;None;None;None;None;г санкт петербург проспект большевиков д к пн пт с до сб вс с до ;35;4055;в ;0
0;0;1548082978;176674620;14;wall-176674620_52; итоги завтра в по мск вас репост и лайк нажать уведомлять о новых записях за призами ;76;None;None;None;None; множество скинов на ботах отзывчивая администрация настоящие отзывы раздача скинов раза в день ;0;124;раздача скинов кс го ;0
0;2;1548082958;175015737;76;wall-175015737_9945; акция здесь рыбы нет места червячков места коллекций рыбака места тройных крючков места пенопласта места рыбы быть участником группы рыжик репост записи так как итоги будут по репостам ваш уровень в игре уважаемые участники группы призы выдает администратор группы просьба добавиться заранее итоги завтра клондайк рыжик ;392;Петропавловск-Камчатский;113;Россия;1;игры акции щедрые призы и хорошее настроение гарантировано ;0;557;рыжик ;0
0;0;1548082893;123960767;2;wall-123960767_309; настоящий тир проводит розыгрыш место стрельба из трех оружий игрушка место стрельба из двух оружий магнит место стрельба из одного оружия магнит правила предельно просты сделать репост этой записи вступить в нашу группу настоящий тир это оружие приближенное к настоящему подготовка населения к испытанию гто стрельба стрельба точно в цель самым метким призы награды самые меткие принимают участия в патриотическом турнире среди самых метких победителям вручаются кубки медали грамоты денежные призы и многое другое жд м вас всей семь й по следующим адресам трц июнь кинотеатр мори синема кинотеатр синема парк этаж кинотеатр луч цокольный этаж уже весной вы нас можете найти в центральном парке троя парк левобережная набережная остров татышев ;31;Красноярск;73;Россия;1;None;2;284; настоящий тир красноярск;0
1;0;1548082807;175104389;10;wall-175104389_112;дорогие друзья вас уже более человек поэтому мы решили сделать маленький конкурс призов кастомные футболки от наших авторов комплекта из термопленок стикерпаков условия очень простые репост и лайк этой записи подписка на итоги подвед м февраля так же второй конкурс у нас в инстаграм ;69;None;None;None;None; объединение людей готовые показать для вас нечто локальное и новое почему в основном все субкультуры стоят на месте искусство музыка фотография все стало вторичным одинаковым но есть и малоизвестные авторы которых не волнует мейнстрим улиц и им есть что показать именно этих людей и их контент разнообразный и неординарный мы показываем вам ;3;505; ;0
0;1;1548082805;80447111;1;wall-80447111_460418; монограмма репост обязателен нам привычнее ф и о это и есть монограмма т е это инициалы мы будем загадывать а вы отгадывать важно в ответе указать не только имя но и кадр из фильма в котором он она снимались угадаете то что загадали мы получите дополнительный приз загадываем только актеров и актрис есть подсказка пол загаданного человека обязательно быть участником группы магия злой сказки приз первому угадавшему имя коллекций злодея между остальными тремя угадавшими разыграем по репостам по коллекции злодея угадавший фильм получает в дополнение к коллекции душу в банк ну а уж если и кадр угадает так душ в банк играем до слова стоп и помните ваши репосты очень важны для нас мы на вас рассчитываем задание пол женский монограмма бан;28;Санкт-Петербург;2;Россия;1;все конкурсы закрываются в течении суток иногда чуть дольше но закрываются все призы в т ч душевые высылаются в течении суток после закрытия конкурса все заявки на высылание из банка выполняются в течении суток имейте вс это ввиду во время квестов и квестовых заявок и ещ проверяйте чтобы у вас в союзе были все наши админы а то потом мы не можем выслать приз а вы нам на это жалуетесь в контактах есть все админы проверьте ибо админ тоже человек он не жив т в сети ;2;3818; магия злой сказки ;0
0;0;1548082805;19621029;7;wall-19621029_156436; клевер по для лимит приза состоим в нашей группе делаем репост записи с конкурсом победитель делает скриншот в альбом группы стоп ;58;None;None;None;None;здесь вы найдете новых друзей узнаете самые свежие новости игры а также получите ответы на интересующие вас игровые вопросы вступайте в нашу группу участвуйте в конкурсах и викторинах получайте заслуженные награды будьте фанатами игры верность рыцари и принцессы;2;9600;фанаты верности;0
0;49;1548082801;40867140;95;wall-40867140_700386;интерактив закофра правила просты мы задаем начало или конец фразы или вопрос а вы креативно и смешно заканчиваете или начинаете эту фразу или отвечаете на вопрос также не забываем о репосте данного поста к себе на страницу так как победитель будет выбираться только среди репостнувших комментарий которорый соберет наибольшее количество лайков выиграет приз составляет монет задание для данного интерактива как бы ты описал а персонажа который должен умереть в фанфике первым интерактив закончится января в по мск участвуйте в этом интерактиве также и в фейсбуке;5714;None;None;None;None;официальная группа книги фанфиков в группе публикуются новости сайта и материалы которые могут быть интересны авторам и читателям а также тематический юмор участники могут свободно обсуждать новости при условии что они не отступают от темы и остаются вежливыми самореклама в любой форме запрещена если в посте не говорится обратного если вы хотите связаться с администрацией сайта пожалуйста используйте эту страницу правила сообщества участник несет ответственность за точность и корректность своих высказываний а также обязуется подчиняться правилам группы запрещается размещение сообщений содержащих призывы к национальной и религиозной розни дискриминацию по признаку пола религии национальности политических убеждений нецензурные выражения и намеки перевод дискуссии к обсуждению личных качеств собеседника флуд исключение специальная тема незнание правил группы не освобождает от ответственности за их нарушение темы запрещено дублирование тем уже находящихся в группе малосодержательные темы есть вопрос помогите как сделать реклама и самореклама в любой форме обращения к конкретным людям или администрации группы сайта спам темы рекомендации в заголовке обозначайте суть а в теме сообщения давайте развернутое описание старайтесь следовать нормам русского языка и сложившейся интернет практике помните что обсуждения не являются чатом для личного общения используйте личные сообщения ;2;337567;книга фанфиков;0
0;0;1548084148;131426543;5;wall-131426543_24867;вопрос самый длинный мост россии по состоянию на год монет за правильный ответ первым м ответившим правильно за репост ответы больше не засчитываются верно ответившие елена яшина людмила пасичник ирина мосеева татьяна вакуленко елена петрова факиль мифтахов юля антипова лариса дановская вера николаенко ольга лисунова сара абрамова галина тейдер мария зайцева татьяна васильева илья кашицкий алмаз габдуллин екатерина вахтина лариса овруцкая призы за репосты получают людмила пасичник факиль мифтахов сара абрамова марина савина ;92;None;None;None;None; монет за правильный ответ первым м ответившим правильно за репост ответы принимаются в течение мин вопросы задаются с до ;0;3941;игра слабое звено ;0
0;0;1548084076;131426543;4;wall-131426543_24866;вопрос как звали биоробота в фильме п арсенова гостья из будущего монет за правильный ответ первым м ответившим правильно за репост ответы больше не засчитываются верно ответившие людмила пасичник елена яшина ирина мосеева ольга лисунова марина савина юля антипова елена петрова вера николаенко нелли воробьева сара абрамова лариса овруцкая призы за репосты получают людмила пасичник марина савина сара абрамова ;78;None;None;None;None; монет за правильный ответ первым м ответившим правильно за репост ответы принимаются в течение мин вопросы задаются с до ;0;3941;игра слабое звено ;0
0;0;1548083970;131426543;2;wall-131426543_24865;вопрос как называется кислота химическая формула которой монет за правильный ответ первым м ответившим правильно за репост ответы больше не засчитываются верно ответившие людмила пасичник галина тейдер ирина мосеева сара абрамова елена яшина татьяна васильева нелли воробьева ольга лисунова юля антипова марина савина елена петрова призы за репосты получают людмила пасичник сара абрамова ;39;None;None;None;None; монет за правильный ответ первым м ответившим правильно за репост ответы принимаются в течение мин вопросы задаются с до ;0;3941;игра слабое звено ;0
0;0;1548085414;131426543;6;wall-131426543_24873;вопрос какое изобретение прославило фамилию фабриканта джона ундервуда монет за правильный ответ первым м ответившим правильно за репост ответы больше не засчитываются верно ответившие людмила пасичник ирина мосеева галина тейдер елена петрова ольга лисунова факиль мифтахов лариса снитко юля антипова елена яшина вера николаенко нелли воробьева ирина сычева сара абрамова светлана гудим татьяна васильева маргарита буковская надежда смирнова марина каваза ирина барышева призы за репосты получают людмила пасичник факиль мифтахов сара абрамова светлана гудим маргарита буковская ;79;None;None;None;None; монет за правильный ответ первым м ответившим правильно за репост ответы принимаются в течение мин вопросы задаются с до ;0;3941;игра слабое звено ;0
0;5;1548085342;131426543;2;wall-131426543_24872;вопрос на каком фото эрмитаж монет за правильный ответ первым м ответившим правильно за репост ответы больше не засчитываются верно ответившие галина тейдер надежда смирнова елена петрова андрей кочанов призы за репосты получают людмила пасичник маргарита буковская ;48;None;None;None;None; монет за правильный ответ первым м ответившим правильно за репост ответы принимаются в течение мин вопросы задаются с до ;0;3941;игра слабое звено ;0
0;0;1548085230;131426543;3;wall-131426543_24871;вопрос как называют лучшую лошадь в конюшне или на скачках монет за правильный ответ первым м ответившим правильно за репост ответы больше не засчитываются верно ответившие галина тейдер ирина мосеева людмила пасичник ольга лисунова юля антипова татьяна вакуленко нелли воробьева надежда смирнова светлана гудим елена петрова марина савина призы за репосты получают людмила пасичник светлана гудим ;48;None;None;None;None; монет за правильный ответ первым м ответившим правильно за репост ответы принимаются в течение мин вопросы задаются с до ;0;3941;игра слабое звено ;0
0;0;1548085059;131426543;3;wall-131426543_24870;вопрос в россии символ принято называть собачкой а как этот знак называют в нидерландах монет за правильный ответ первым м ответившим правильно за репост ответы больше не засчитываются верно ответившие сара абрамова ирина мосеева елена яшина людмила пасичник ольга лисунова юля антипова лариса дановская наталья ананьева галина тейдер надежда смирнова нелли воробьева светлана гудим елена петрова призы за репосты получают сара абрамова людмила пасичник светлана гудим ;46;None;None;None;None; монет за правильный ответ первым м ответившим правильно за репост ответы принимаются в течение мин вопросы задаются с до ;0;3941;игра слабое звено ;0
0;0;1548085891;131426543;4;wall-131426543_24879;вопрос какой прибор используют для определения синевы неба монет за правильный ответ первым м ответившим правильно за репост ответы больше не засчитываются верно ответившие людмила пасичник галина тейдер сара абрамова ольга лисунова марина каваза елена петрова елена яшина марина савина ирина мосеева вера николаенко татьяна васильева надежда смирнова татьяна яковлева лариса овруцкая маргарита буковская светлана гудим призы за репосты получают людмила пасичник сара абрамова маргарита буковская светлана гудим ;65;None;None;None;None; монет за правильный ответ первым м ответившим правильно за репост ответы принимаются в течение мин вопросы задаются с до ;0;3941;игра слабое звено ;0
0;0;1548084138;91198384;3;wall-91198384_649;розыгрыш мл в подарок одному из наших подписчиков условия для участия в розыгрыше сделать репост данной записи к себе на стену быть подписчиком нашей группы быть подписчиком в не удалять запись до конца розыгрыша розыгрыш проведем после при помощи генератора чисел с фотоотчетом и ссылкой на итог розыгрыша приз высылаем по почте исключительно за наш счет и только по территории республики беларусь страницы заведомо фейковые не участвуют приз отправляем на имя и фамилию которое написано на странице победителя желаем всем удачи ;13;None;None;Беларусь;3;вы искали эйвон вы его нашли самые выгодные условия самый выгодный курс бесплатная регистрация ;5;1067;эйвон в бресте ;0
0;0;1548083971;34148903;34;wall-34148903_56542; розыгрыш за место журнальный столик невада за место кг молочного шоколада с дробленной вафлей условия конкурса состоять в группе шкафы купе кухни красноярск сосновоборск состоять в группе наших партнеров шоколатье сосновоборск красноярск сделать репост этой записи призы забирать самостоятельно в течение недели после подведения итогов итоги подведем с помощью выбирателя и видео отчетом ;343;Сосновоборск;261;Россия;1;корпусная мебель для дома магазина и офиса наши работы шкафы купе красноярск кухни красноярск встроенные шкафы купе красноярск шкафы купе сосновоборск кухни сосновоборск встроенные шкафы купе сосновоборск готовые варианты мебели для вашей гостиной спальни прихожей а так же изготовление по вашим пожеланиям для изготовления небольших заказов стоимостью до рублей нет необходимости выезжать к нам возможно согласование ньюансов по телефону интернету оплата по факту изготовления г сосновоборск ул юности тел почта мы поможем сделать правильный выбор ;5;9112;шкафы купе кухни красноярск сосновоборск;0
0;0;1548083940;159935544;0;wall-159935544_830; вчера вручили подарки победителям квеста новогодний крокодильчик ими стали михаил коньков и ксюша наугольных началось вс в декабре когда очень хотелось порадовать подписчиков розыгрышем но делать стандартный репостинг было скучно а скучать это вообще не про годограф и мы подглядели идею конкурса у нашего преподавателя ксении гайнутдиновой которая однажды попробовала привить детям любовь к русскому языку с помощью игры крокодил ученикам так зашла идея что они не расходились домой после занятия требовали это то что нужно нам в каникулы почитать немного пораскинуть мозгами и проверить свою эрудицию и скорость приз в нашем квесте ценнее прочих ведь он заслужен собственным умом благодарим всех участников жмите если хотите поучаствовать в следующей квесте обещаем он будет совершенно необычным призы предоставлены нашими партн рами подарки пермь ;18;None;None;None;None; годограф это профессиональная подготовка к егэ и огэ с года более наших учеников поступили на бюджет в вуз мечты поднимаем результаты на баллов егэ продвинутые методики постановка целей и гарантированный результат от занятий уникальная система контроля успеваемости теперь и в перми запись на бесплатное занятие;5;317;курсы егэ и огэ годограф г пермь;0
0;0;1548083901;154920096;15;wall-154920096_1322; запускаем зимний конкурс условия как всегда просты быть подписанным на нашу группу сделать репост этой записи не ниже добавить зимнее фото своего любимца в альбом проявлять актив а теперь к самому сладкому призам место комплект ошейник кобра поводок м место ошейник место поводок место оберег место шнурочек адресник место шнурочек для адресника место скидка на заказ место скидка заказ итоги провед м февраля первое место будем разыгрывать с помощью голосования место через приложение рандом доставка призов за сч т победителей а если ты не хочешь ждать итоги можешь сделать заказ написав в сообщения группы всем участникам удачи ;118;Улан-Удэ;148;Россия;1;хотите порадовать себя и свою собаку новой и качественной а главное красивой амуницией тогда вы пришли по адресу заказы на амуницию делаются индивидуально по вашим меркам и запросам плюсы таких заказов вы сможете сами подобрать цвет плетение материал размер изделия и многое другое спасибо за внимание ;5;1869; амуниция ручной работы из паракорда;0
0;0;1548083891;164633511;1;wall-164633511_4; конкурс условия репост данного поста подписка на группу т и к призы место пистолет место стикеры место стикеры итоги февраля ;13;None;None;None;None;None;0;3;т и к ;0
0;0;1548083848;176891567;1;wall-176891567_45;вечерний рандом для участия нужно быть подписчиком и сделать репост приз кк победитель будет выбран случайно в мск;3;Ростов-на-Дону;119;Россия;1;новая группа по игре конкурсы и розыгрыши каждый день ;0;45; ;0
0;0;1548083832;176989743;6;wall-176989743_2;вроде новый пост прошу не бить тапочками мой ник можно просто прочитать правила можно тута тем кто прочитал цмок в пупок рисую я в основном людей но так же всяких зверушек только начинаю вести группу поэтому буду рада если вы репостн те этот пост к себе на стену ну или пригласите друзей художников очень хочу набрать аудиторию ягодок так я называю своих подписчиков так же установлю лайкомер а самой активной ягодке буду рисовать артик беру коммишки недорого и продаю адопты но об этом позже здесь будут проходить лотереи от обычных до денежных призов беру за рекламу денег но после набора аудитории позязя будьте добрыми ягодками и не обижайте друг друга в комментариях а то админчик будет плакать пожалуйста не проходите мимо я рада каждой ягодке в сво м саду от вашего админчика автор арта это вс не зря ;17;None;None;None;None;сегодня хороший ден к для меня так как вы заглянули ко мне в сад буду рисовать в традишке и очень редко в дидже фантазией я похвастаться не могу но буду стараться хорошего дня дорогой подписчик коммишки о даа трейды смотря с кем коллабы смотря с кем реквесты по желанию ;0;15; там где цвет т сакура ;0
0;18;1548085391;71307775;55;wall-71307775_2137;мы открываем новый год впереди много нового и интересного а сейчас делай репост и участвуй в розыгрыше бесплатных проходок и призов от партнеров место получит фирменную футболку проходку место получит проходку места получат по бесплатной проходке плати за вход черно белое одежда должна содержать черно белые цвета репост репост без репоста января караоке бар небо кирова г репосты делаем до января сделанные репосты позже не принимаются и вход будет стоить результаты розыгрыша января в ;582;None;None;None;None;None;0;1279; ;0
0;0;1548085386;166507034;3;wall-166507034_919; дорогие участники нашей группы мы рады поделиться с вами фото прекрасной и счастливой алены которая приобрела у нас в прошлом месяце отличный автомобиль новый и выиграла в недавнем голосовании за лучшее фото декабря отличный приз набор автомобилиста поздравляем алену и желаем ей всегда оставаться такой же позитивной и успешной а также ждем ее в нашем сервисном центре на периодическое технического обслуживание автомобиля да и просто в гости а всех наших подписчиков мы благодарим за участие в голосовании хотите тоже стать счастливым автовладельцем это проще чем вам кажется ведь ваш новый автомобиль уже ждет вас в нашем автосалоне тд автокласс по адресу г новомосковск ул космонавтов д тел и больше информации на нашем сайте поздравляемспокупкойтдавтоклассновомосковск тдавтоклассновомосковск клиентытдавтоклассновомосковск поздравляеттдавтоклассновомосковск новомосковск оптдавтоклассновомосковск подаркиоттдавтоклассновомосковск конкурстдавтоклассновомосковск;50;Новомосковск;964;Россия;1;торговый дом автокласс это мультибрендовый автосалон и сервисный центр официальный представитель гк автокласс в г новомосковске адрес г новомосковск ул космонавтов д тел и мы предоставляющий возможности приобрести новые автомобили нескольких крупнейших автомобильных марок автомобили с пробегом и широкий спектр услуг по обслуживанию автомобилей и приобретению запасных частей и аксессуаров в нашем дилерском центре вы можете приобрести новые автомобили таких мировых брендов как компания автокласс является официальным дилером всех этих брендов поэтому вы приобретете автомобиль с полными условиями гарантии в наличии всегда широкий спектр моделей и комплектаций всегда для каждого клиента специальное индивидуальное предложение от которого вы не сможете отказаться также в нашем автосалоне вы можете приобрести технически проверенные и юридически чистые автомобили с пробегом любых марок всегда для наших покупателей услуга обмена старого автомобиля на новый с доплатой с бесплатной оценкой и помощью в оформлении приобрести автомобили можно как за наличный и безналичный расчет так и в кредит на самых выгодных условиях от официальных банков партнеров для ип и организаций предоставляется услуга покупки автомобилей в лизинг также мы всегда рады предоставить вам широкий спектр услуг страхования по осаго каско и другим видам не только на приобретаемые у нас автомобили но и на уже имеющиеся у вас в собственности помимо всего этого мы являемся первоклассным сервисным центром осуществляющим слесарный и кузовной ремонт автомобилей любой марки с современными инструментами и оборудованием мы всегда поддерживаем высокое качество быстроту и результаты наших сервисных работ а также в нашем автосалоне вы можете приобрести любые запасные части и аксессуары для ваших автомобилей в нашей команде работают только профессионалы увлеченные своей работой которые постоянно повышают свой уровень и делают все чтобы наши клиенты оставались довольными если вы автовладелец автолюбитель или только задумываетесь им стать то вам обязательно нужно к нам будем рады вас видеть у нас по адресу г новомосковск ул космонавтов д или услышать по тел и о разделах нашей группы читайте здесь ;35;1354;тд автокласс г новомосковск;0
0;0;1548085260;105169002;36;wall-105169002_37885;розыгрыш к дню влюбленных приз мишка из роз обязательные условия розыгрыша вступить в сообщество оригинальные подарки пермь корпорация быть участником сообщества испытай удачу пермь сделать репост данного розыгрыша итоги февраля победителя определим приложением рандомайзер;1484;None;None;None;None;None;0;59463;испытай удачу пермь ;0
0;1;1548085260;58999428;8;wall-58999428_38954;напоминаем что у нас проходит розыгрыш приз большой вкусный ужин из роллов победителя определим завтра в для участия сделай репост ссылки разыгрываем вкусный ужин каждый день наш сайт нск суши рф;615;Новосибирск;99;Россия;1;добро пожаловать в нашу группы каждый день мы дарим вкусный ужин для наших подписчиков звоните и заказывайте наши суши сеты по акции ;1;37290;доставка суши нск ;0
0;0;1548085247;162040437;10;wall-162040437_9145;фаст приз место получает любой тоти игрок монет платформа условия лайк подписка на рассылку репост к удаче результаты завтра в теченми дня удачи всем ;34;Житикара;18382;Казахстан;4;в этой группе вы найд те фасты на монеты иконы информы вы тут можете свободно общаться ;5;431; фасты конкурсы ;0
1;1;1548085202;48749899;4;wall-48749899_151601;восемнадцатый конкурс от мастерской славянских оберегов ярило победителей изделия за репост участникам группы призы на выбор одно любое изделие из серебра на сумму до рублей обереги серьги браслеты перстни скидка на сумму до рублей бесплатная доставка призов в любую точку мира и бесплатные ювелирные изделия победителям конкурса правила вступаем в нашу группу чужим призы не раздаем сделайте репост этого конкурса себе на стену нажав кнопки мне нравится и рассказать друзьям розыгрыш будет проводиться с помощью специального приложения для розыгрышей в контакте которое выбирает случайным образом из участников группы сделавших репост конкурса победителей будет семь каждый получит по одному призу на выбор конкурс проводится с по вечер после этого мы свяжемся с победителями в контакте процесс выбора победителей будет заснят на видео которое будет опубликовано на стене у всех шансы абсолютно равны удачи частые вопросы весь каталог наших изделий цены и описание или на сайте по заказам и консультациям писать отзывы о работах ;622;None;None;None;None;None;5;65880; славянский натиск ;0
1;0;1548085202;119154422;0;wall-119154422_32570;восемнадцатый конкурс от мастерской славянских оберегов ярило победителей изделия за репост участникам группы призы на выбор одно любое изделие из серебра на сумму до рублей обереги серьги браслеты перстни скидка на сумму до рублей бесплатная доставка призов в любую точку мира и бесплатные ювелирные изделия победителям конкурса правила вступаем в нашу группу чужим призы не раздаем сделайте репост этого конкурса себе на стену нажав кнопки мне нравится и рассказать друзьям розыгрыш будет проводиться с помощью специального приложения для розыгрышей в контакте которое выбирает случайным образом из участников группы сделавших репост конкурса победителей будет семь каждый получит по одному призу на выбор конкурс проводится с по вечер после этого мы свяжемся с победителями в контакте процесс выбора победителей будет заснят на видео которое будет опубликовано на стене у всех шансы абсолютно равны удачи частые вопросы весь каталог наших изделий цены и описание или на сайте по заказам и консультациям писать отзывы о работах ;180;None;None;None;None;None;5;14860;семейный лад;0
0;0;1548085152;174995366;6;wall-174995366_4112; внимание розыгрыш розыгрыш состоится февраля приз оформления на выбор победителя условия розыгрыша просты быть участником нашей группы детки мамины конфетки состоять в группе спонсора обработка фотографий коллажи метрики постеры календари и многое другое сделать репост данной записи обязательное условие не удалять до конца розыгрыша розыгрыш для жителей всех стран ваша страничка должна быть реальная пересылка в электронном виде участнику должно быть более лет сообщения на момент проведения розыгрыша открыты следите за конкурсом всем удачи ;43;None;None;Беларусь;3;дорогие друзья добро пожаловать в нашу замечательную группу мы очень рады всех видеть группа созданна для общения активных и счастливых мамочек отдохнуть от домашних хлопот провести свой вечер с пользой можно у нас вас ждет много интересного общение на различные темы развитие и воспитание детей советы специалистов в различных областях кулинария здоровье и спорт опросы множество интересных конкурсов фотобатлов и игр розыгрыши призов спасибо что вы с нами день рождения группы г ;2;1171; детки мамины конфетки ;0
0;1;1548085121;114493021;4;wall-114493021_1507; друзья напоминаем вам что у нас в группе проходит розыгрыш кг роллов сделайте репост и получить возможность выиграть вкусные призы от компании луганет лугашоп и сылка для репоста ;341;Луганск;552;Украина;2;добро пожаловать в официальную группу интернет провайдера луганет компания луганет основана в году на протяжении нескольких последующих лет компания развивала локальную сеть как провайдер так называемой домашней сети предоставляя абонентам услуги доступа в интернет и постоянно расширяя перечень локальных ресурсов с года луганет лицензированный оператор связи предоставляющий широкий спектр телекоммуникационных услуг сегодня луганет предоставляет своим абонентам качественные услуги доступа к сети интернет по самым выгодным ценам контакты службы технической поддержки городской лугаком лугаком или в поиске ;35;6011;луганет интернет провайдер в лнр;0
0;0;1548085020;77726672;19;wall-77726672_59482; итогибесплатнойтулы итогипеченек женская одежда подарит своему случайному подписчику сделавшему репост этой записи себе на стену микс приз сумочка платок и украшение итоги подведем февраля генератором случайных чисел итоги подводятся среди участников вступивших в группу женская одежда и тула бесплатная ;486;None;None;None;None;итоги подводим сервисом этот сайт не позволяет подгонять итоги вс на честно и прозрачно ссылка на результаты указывается в комментариях под конкурсом в день итогов итоги подводит только администратор группы задавайте интересующие вас вопросы в сообщения группы или в личные сообщения администратору оставляем за собой право отказать в выдаче приза фейковому аккаунту или аккаунту созданному специально для участия в конкурсах репостов если под каким то конкурсом итоги не были подведены не пугайтесь мы могли пропустить этот конкурс напишите об этом администратору группы ;2;43497;тула бесплатная;0
0;0;1548084954;166269036;1;wall-166269036_3482; привет у нас лотерея правила очень просты подпишись на нас и на группу ссылка поставь лайк репост приз кораблик привет тоже прости пишет не аня не знаю я опубликую если что аня напишет потом ксюша гончарова;6;None;None;None;None;наши услуги что вы можете у нас заказать баннер на канал группу аватарку на канал группу обложку на видео и т д фотошоп любой ресурсы любые линии вырезать фон одеть аватара кидаете его в предложку тоесть аватара и одежду смена фона интро обработки нарисовать одежду голову ваших аватаров с мини обработкой сформировать аватара тоесть выприсылаете нам в предложку части аватара а мы их соединим также вы можете задать любой вопрос ;0;211;уютное местечко для фотошопера аватария;0
0;0;1548084940;138891062;4;wall-138891062_4063; это нельзя пропустить февраля уже близко картинная мастерская фабрика идеи подарки любимым проводит мегаконкурс приз картина на холсте размером х см в стиле что нужно для участия быть участником нашей группы сделать репост данной записи сохранить запись у себя на стене до подведения итогов победители будут объявлены февраля им может стать любой участник конкурса только татарстан всем удачи конкурс розыгрыш подарки дизайн печатьнахолсте холст картина печатьфотонахолсте;104;Альметьевск;18;Россия;1;каким подарком любимому можно подчеркнуть и укрепить взаимные чувства коллекция подарки любимым это подарки для двоих влюбленных советы что лучше подарить любимому мужу жене подруге или другу на день рождения романтическое свидание или на годовщину отношений а также как правильно вручить подарок ;5;5403;фабрика идеи подарки любимым ;0
1;0;1548084900;68434077;14;wall-68434077_17352; один из призов на выбор или рублей получит случайный подписчик нашей группы сделавший репост этой записи и вступивший в группу одежда и обувь по доступным ценам победителя выберем февраля года с помощью независимого приложения менеджер конкурсов и опубликуем отдельным постом на стене группы бесплатная доставка по всему миру ;103;None;None;None;None;правила группы отзывы победителей не упусти свой шанс стать победителем подпишись на рассылку нашей группы перейдя по ссылке подписка раздельная также можно подписаться на уведомление о своей победе ;2;20291;все лучшее детям бесплатно ;0
0;8;1548086220;152588084;10;wall-152588084_3364;новости мастерской самая главная новость прошедшей недели в группе домашний текстиль с вышивкой от стартовал розыгрыш по случаю приближающегося татьяниного дня в качестве приза разыгрывается сертификат на рублей победитель сможет сделать заказ любого изделия на эту сумму либо заказать более дорогое изделие оплатив только стоимость превышающую сумму приза принять участие в розыгрыше можно здесь также напоминаю что до января действует акция на изделия новогоднего ассортимеента вы можете приобрести изделия по более низкой цене посмотреть изделия акции можно здесь продолжается подготовка к открытию дачного сезона будут изделия для обновления вашего дачного интерьера скатерти и салфетки для уютного летнего чаепития красивые подушечки для приятного отдыха и многое другое на фото одна из новинок летнего сезона подключайте уведомление о новых записях в группе чтобы не пропустить ни одной новинки в группе для тех кто не знает это кнопочка в верхнем правом уголке под обложкой группы ставьте и сделайте репост этой записи поделитесь с друзьями чтобы как можно больше ваших друзей присоедилось к нам ;25;None;None;None;None;добро пожаловать в мир красоты и уюта ;5;393;домашний текстиль с вышивкой от ;0
0;0;1548086197;163716607;4;wall-163716607_2061; через часа завершается конкурс одержи победу приз лишь за репост жми на конкурс подаркизарепост розыгрыши конкурсы зарепост призы бесплатно бесплатнозарепост бесплатнаяроссия деньгизарепост;42;None;None;Россия;1; опубликуем ваш конкурс совершенно бесплатно от вас только приз победителю репост вашего конкурса на взаимный обмен необходимо вступить написать ;0;3782;конкурсы россия;0
0;0;1548086167;160233717;5;wall-160233717_326; с вас репост вступить в группу обязательно результаты завтра в включить уведомления приветствуется единственный кто выдает приз много фейков будьте аккуратнее что бы забрать скин писать в лс;27;None;None;None;None; розыгрыши скинов каждый день ;2;585; ;0
0;13;1548086152;162284425;13;wall-162284425_37507; лотка приз рог с вас лайк ник репост по желанию ;39;Санкт-Петербург;2;Россия;1;группа создана февраля года группа начала новую жизнь июля года;2;455; мир ло ади ;0
0;13;1548086137;162284425;13;wall-162284425_37506; лотка приз лг с вас лайк ник репост по желанию ;44;Санкт-Петербург;2;Россия;1;группа создана февраля года группа начала новую жизнь июля года;2;455; мир ло ади ;0
0;19;1548085916;172884107;5;wall-172884107_2183; конкурс условия быть подписаным сделать репост поддерживать актив нарисовать какому либо художнику арт его персонажа можно двум художникам и не больше персонажей смотрите в альбомах самый лучший арт тому человеку победит призы арт по пояс от того кому вы рисовали арт конец февраля ссылка на альбом куда скидывать рисунки всем удачи ;18;None;None;None;None;None;5;110;малиновый чайник;0
1;0;1548086375;171897980;0;wall-171897980_46;скоро будет конкурс на дней вс бесплатно и без жульничиства приз ккк игровой валюты после подписчиков этой группы требуется репост этой записи ;3;Москва;1;Россия;1;официальная группа ;0;10;оф группа ;0
0;0;1548086354;78455380;5;wall-78455380_8399;студент студент студент от души желаем вам получать как можно больше зачетов и пятерок на экзаменах вдохновения и большого аппетита на новые знания специально для тебя студенческая карта рублей и персональная тренировка в подарок торопись количество карт ограничено а еще участие в розыгрыше вступи в группу фитнес клуб юджин сделай репост данной записи к себе на страницу января мы посредством генератора случайных чисел выберем двух счастливчиков и подарим им клубную карту студенческая всем студентам клубная карта студенческая всего рублей не упусти момент ;211;Вологда;41;Россия;1;сегодня фитнес клуб юджин это один из самых современных фитнес клубов в вологде мы собрали под одной крышей все популярные направления фитнеса боевых искусств танцев и йоги а также сауну студию массажа солярий фитнес бар и магазин спортивного питания команда профессиональных тренеров готова прийти на помощь в нужный момент скорректировать вашу программу и дать консультацию по питанию мы любим удивлять клиентов новинками фитнес индустрии и поэтому предлагаем эксклюзивные направления одно из них за одно занятие теряется около калорий великолепный жиросжигающий эффект в этом году в юджине появилась ещ одна новая фитнес программа боди памп дает ошеломительный эффект и тысячи последователей программы являются ярким тому подтверждением тренировки тоже является новинкой для вологды в основе метода электромиостимуляции эмс лежит способность мышцы сокращаться в ответ на раздражение естественным раздражителем мышц являются электрические сигналы вырабатываемые нервными клетками также в юджине для юных вологжан есть секция карате киокушинкай с сентября года приглашаем детей во вновь открывающиеся группы такие как здоровая спина веселый фитбол форма это проект перемен и изменений спорт и активные тренировки работа с наставником мотивация на успех саморазвитие и образование ждут участников также фитнес клуб юджин предлагает корпоративный фитнес специальные цены на клубные карты в зависимости от количества участников корпоративной программы скидки до только в нашем клубе уникальные фитнес программы и система защиты личных вещей электронные замки в персональных шкафчиках юджин это оптимальный выбор для тех кто желает вести здоровый образ жизни ;35;8799;фитнес клуб юджин ;0
